Season,Episode,Title
1,2,The Stakeout
1,3,The Robbery
1,4,Male Unbonding
1,5,The Stock Tip
2,1,The Ex-Girlfriend
2,1,The Statue
2,11,The Heart Attack
2,12,The Revenge
2,13,The Deal
2,2,The Pony Remark
2,3,The Busboy
2,4,The Baby Shower
2,5,The Jacket
2,6,The Chinese Restaurant
2,7,The Phone Message
2,8,The Apartment
3,1,The Note
3,1,The Stranded
3,11,The Alternate Side
3,12,The Red Dot
3,13,The Subway
3,14,The Pez Dispenser
3,15,The Suicide
3,16,The Fix Up
3,17,The Boyfriend: Part 1
3,18,The Boyfriend: Part 2
3,19,The Limo
3,2,The Truth
3,2,The Good Samaritan
3,21,The Letter
3,22,The Parking Space
3,23,The Keys
3,3,The Pen
3,4,The Dog
3,5,The Library
3,6,The Parking Garage
3,7,The Cafe
3,8,The Tape
3,9,The Nose Job
4,1,The Trip: Part 1
4,1,The Virgin
4,11,The Contest
4,12,The Airport
4,13,The Pick
4,14,The Movie
4,15,The Visa
4,16,The Shoes
4,17,The Outing
4,18,The Old Man
4,19,The Implant
4,2,The Trip: Part 2
4,2,The Junior Mint
4,21,The Smelly Car
4,22,The Handicap Spot
4,23,The Pilot
4,3,The Pitch
4,4,The Ticket
4,5,The Wallet
4,6,The Watch
4,7,The Bubble Boy
4,8,The Cheever Letters
4,9,The Opera
5,1,The Mango
5,1,The Cigar Store Indian
5,11,The Conversion
5,12,The Stall
5,13,The Dinner Party
5,14,The Marine Biologist
5,15,The Pie
5,16,The Stand-In
5,17,The Wife
5,18,The Raincoats
5,19,The Fire
5,2,The Puffy Shirt
5,2,The Hamptons
5,21,The Opposite
5,3,The Glasses
5,4,The Sniffing Accountant
5,5,The Bris
5,6,The Lip Reader
5,7,The Non-Fat Yogurt
5,8,The Barber
5,9,The Masseuse
6,1,The Chaperone
6,1,The Race
6,11,The Switch
6,12,The Label Maker
6,13,The Scofflaw
6,14,Highlights of a Hundred
6,15,The Beard
6,16,The Kiss Hello
6,17,The Doorman
6,18,The Jimmy
6,19,The Doodle
6,2,The Big Salad
6,2,The Fusilli Jerry
6,21,The Diplomats Club
6,22,The Face Painter
6,23,The Understudy
6,3,The Pledge Drive
6,4,The Chinese Woman
6,5,The Couch
6,6,The Gymnast
6,7,The Soup
6,8,The Mom and Pop Store
6,9,The Secretary
7,1,The Engagement
7,1,The Gum
7,11,The Rye
7,12,The Caddy
7,13,The Seven
7,14,The Cadillac
7,15,The Shower Head
7,16,The Doll
7,17,The Friars Cl
7,18,The Wig Master
7,19,The Calzone
7,2,The Postponement
7,2,The Bottle Deposit
7,21,The Wait Out
7,22,The Invitations
7,3,The Maestro
7,4,The Wink
7,5,The Hot Tub
7,6,The Soup Nazi
7,7,The Secret Code
7,8,The Pool Guy
7,9,The Sponge
8,1,The Foundation
8,1,The Andrea Doria
8,11,The Little Jerry
8,12,The Money
8,13,The Comeback
8,14,The Van Buren Boys
8,15,The Susie
8,16,The Pothole
8,17,The English Patient
8,18,The Nap
8,19,The Yada Yada
8,2,The Soul Mate
8,2,The Millennium
8,21,The Muffin Tops
8,22,The Summer of George
8,3,The Bizarro Jerry
8,4,The Little Kicks
8,5,The Package
8,6,The Fatigues
8,7,The Checks
8,8,The Chicken Roaster
8,9,The Abstinence
9,1,The Butter Shave
9,1,The Strike
9,11,The Dealership
9,12,The Reverse Peephole
9,13,The Cartoon
9,14,The Strongbox
9,15,The Wizard
9,16,The Burning
9,17,The Bookstore
9,18,The Frogger
9,19,The Maid
9,2,The Voice
9,2,The Puerto Rican Day
9,21,The Chronicle
9,22,The Finale
9,3,The Serenity Now
9,4,The Blood
9,5,The Junk Mail
9,6,The Merv Griffin Show
9,7,The Slicer
9,8,The Betrayal
9,9,The Apology